Name,GW1 Pts,GW1 Transfers,GW1 Bench,GW1 OR,GW1 Rank,GW2 Pts,GW2 Transfers,GW2 Bench,GW2 OR,GW2 Rank,GW3 Pts,GW3 Transfers,GW3 Bench,GW3 OR,GW3 Rank,GW4 Pts,GW4 Transfers,GW4 Bench,GW4 OR,GW4 Rank,GW5 Pts,GW5 Transfers,GW5 Bench,GW5 OR,GW5 Rank,GW6 Pts,GW6 Transfers,GW6 Bench,GW6 OR,GW6 Rank,GW7 Pts,GW7 Transfers,GW7 Bench,GW7 OR,GW7 Rank,GW8 Pts,GW8 Transfers,GW8 Bench,GW8 OR,GW8 Rank,GW9 Pts,GW9 Transfers,GW9 Bench,GW9 OR,GW9 Rank,GW10 Pts,GW10 Transfers,GW10 Bench,GW10 OR,GW10 Rank,GW11 Pts,GW11 Transfers,GW11 Bench,GW11 OR,GW11 Rank,GW12 Pts,GW12 Transfers,GW12 Bench,GW12 OR,GW12 Rank,GW13 Pts,GW13 Transfers,GW13 Bench,GW13 OR,GW13 Rank,GW14 Pts,GW14 Transfers,GW14 Bench,GW14 OR,GW14 Rank,GW15 Pts,GW15 Transfers,GW15 Bench,GW15 OR,GW15 Rank,GW16 Pts,GW16 Transfers,GW16 Bench,GW16 OR,GW16 Rank,GW17 Pts,GW17 Transfers,GW17 Bench,GW17 OR,GW17 Rank,GW18 Pts,GW18 Transfers,GW18 Bench,GW18 OR,GW18 Rank,GW19 Pts,GW19 Transfers,GW19 Bench,GW19 OR,GW19 Rank,GW20 Pts,GW20 Transfers,GW20 Bench,GW20 OR,GW20 Rank,GW21 Pts,GW21 Transfers,GW21 Bench,GW21 OR,GW21 Rank,GW22 Pts,GW22 Transfers,GW22 Bench,GW22 OR,GW22 Rank,GW23 Pts,GW23 Transfers,GW23 Bench,GW23 OR,GW23 Rank,GW24 Pts,GW24 Transfers,GW24 Bench,GW24 OR,GW24 Rank,GW25 Pts,GW25 Transfers,GW25 Bench,GW25 OR,GW25 Rank,GW26 Pts,GW26 Transfers,GW26 Bench,GW26 OR,GW26 Rank,GW27 Pts,GW27 Transfers,GW27 Bench,GW27 OR,GW27 Rank,GW28 Pts,GW28 Transfers,GW28 Bench,GW28 OR,GW28 Rank,GW29 Pts,GW29 Transfers,GW29 Bench,GW29 OR,GW29 Rank,GW30 Pts,GW30 Transfers,GW30 Bench,GW30 OR,GW30 Rank,GW31 Pts,GW31 Transfers,GW31 Bench,GW31 OR,GW31 Rank,GW32 Pts,GW32 Transfers,GW32 Bench,GW32 OR,GW32 Rank,GW33 Pts,GW33 Transfers,GW33 Bench,GW33 OR,GW33 Rank,GW34 Pts,GW34 Transfers,GW34 Bench,GW34 OR,GW34 Rank,GW35 Pts,GW35 Transfers,GW35 Bench,GW35 OR,GW35 Rank,GW36 Pts,GW36 Transfers,GW36 Bench,GW36 OR,GW36 Rank,GW37 Pts,GW37 Transfers,GW37 Bench,GW37 OR,GW37 Rank,GW38 Pts,GW38 Transfers,GW38 Bench,GW38 OR,GW38 Rank
Roy Weiss,55,0,11,4223898,4223904,70,1,0,1132734,885382,37,1,8,2890952,9364576,80,1,7,1419466,1203872,51,0,9,1072347,2385748,85,2,5,261363,123806,76,1,5,201121,1979048,76,1,11,130113,1078960,34,1,6,324193,10544504,85,0,4,191220,746226,48,0,5,131095,1906162,52,3,6,86422,1844907,54,1,5,50266,846736,77,1,3,35566,1540834,65,0,24,20451,1353228,90,3,3,9760,344735,73,3,9,18020,5148005,47,0,11,18367,4728297,37 (41),2 (-4),2,23178,6135209,62,0,3,13642,843063,44,1,5,26414,8149643,54,2,19,14096,1353707,42,1,14,13970,7241567,66,0,1,13035,2287588,64,2,3,18646,4735642,85,0,12,8134,352203,56,0,2,5234,1975839,77,2,2,4714,1186773,58,2,6,6422,5484121,48,0,23,9913,4080616,68,2,0,6546,439864,67,0,9,4389,821763,119,1,0,3510,284470,60,0,12,3509,937427,44,0,21,5923,8987460,76,2,11,7858,4279762,64,0,12,7676,3071590,67,2,2,5356,784942
Alex Golts,68,0,9,1235729,1235729,38,0,1,4274377,8927235,54,1,3,3175669,3339053,80,2,11,1591728,1243862,47,0,14,1479164,3833414,77,0,3,589126,421921,73,0,2,517053,2582789,58,0,9,780752,5595752,54,1,15,633221,3442125,64,2,8,918381,7008069,59,1,5,451407,345501,52,2,5,304596,1817305,56,2,4,172045,680979,82,1,10,95089,775333,57,1,0,86936,3257301,91,2,7,42164,295631,82,0,6,42454,2543657,58,3,4,24159,1523039,34,0,26,34554,9189211,52,0,13,34395,2699428,45,0,9,59934,7533475,45,2,8,50001,4066247,29,2,15,89634,11889415,79,3,2,47009,346110,65,0,4,58714,4033279,83,2,2,30654,545057,50,0,11,27339,3880630,82,0,2,18644,560365,81,1,3,8105,790166,48,0,7,12337,4080616,51,3,3,18051,3406636,51,0,12,24308,4903646,126,0,0,13360,152702,65,0,12,10617,506629,56,0,15,10570,4156291,86,4,12,9234,1992451,69,1,11,7375,1983450,51,1,2,9970,3606717
Hadar Hason,59,0,9,3111856,3111857,40,0,13,5742257,8464219,61,2,6,3207127,1532307,67,1,21,3001965,4695336,58,0,0,1636763,809507,75,2,5,739699,610365,65,1,6,927592,4977295,66,0,10,929182,3091355,52,0,4,814284,3842677,73,1,6,827196,3699846,38,0,3,912490,6013927,50,2,5,692086,2261110,72,0,1,203893,71387,57,2,4,347466,7362995,54,1,12,345977,4232889,77,2,2,313693,1684802,77,0,10,365285,3786603,52,4,1,309221,3156019,44,2,5,273895,4694237,59,0,1,198835,1246360,37,1,5,378233,10215186,55,2,6,232658,1178975,37,1,6,278900,9508475,71,1,1,209479,1277254,64 (68),2 (-4),4,248742,3228423,75,0,14,189047,1479759,59,2,14,126846,1507241,89,1,6,67882,181444,68,0,2,56520,2734349,55,0,24,57567,1871223,58,1,2,58931,1917056,58,0,12,57482,2553534,134,1,0,23673,42342,59,0,15,23456,1051813,48,1,16,31328,7769722,75,2,11,40636,4542359,65,1,14,38774,2994622,56 (60),3 (-4),2,40323,1765094
Danny Simon,68,0,5,1235729,1235729,34,0,13,5128155,9677273,56,1,4,3507939,2717662,77,0,7,2039766,1678057,47,2,13,1888689,4163910,72 (76),3 (-4),-1,995284,551635,80,1,5,621689,1200853,62,0,13,765945,4308006,39,0,19,1100629,8476092,69,0,7,1238373,4930214,53,1,0,822806,983274,40,0,4,880188,5254150,35,2,5,1027424,6074530,57,2,3,1382840,7362995,71,1,14,850000,712590,86,1,6,564793,586309,85,3,7,503529,2079110,58,2,12,355203,1497556,49,2,6,266143,2724146,57,1,7,208744,1702448,54,1,9,225188,4457417,42,0,12,209740,5070408,47,0,21,176131,4636809,68,0,13,146061,1782750,59,4,11,212122,6736582,65,1,3,222571,4304500,55,0,6,171360,2231460,82,2,3,119673,617683,65,0,4,112570,3415204,50,0,7,130869,3338800,49,0,0,168635,3639624,63,0,15,140591,1432695,107,1,0,127744,672745,63,0,5,107826,657018,59,0,15,102130,3095859,86,5,21,95161,1998336,61,0,16,100949,4011106,65,2,3,80241,1007640
Hadar Grubman,54,0,6,4551053,4551060,50,0,7,4706099,5479611,62,1,4,2276341,1297150,78,0,8,1232111,1475616,54,2,2,798833,1762173,62 (66),2 (-4),1,739699,1807180,70,1,3,743272,3540469,73 (77),2 (-4),14,569330,981802,52,0,13,498069,3842677,66,2,11,700641,6295647,50 (58),3 (-8),0,487590,442258,53,1,15,315090,1584099,63,0,10,124326,255015,71,0,3,118367,2811227,65,2,8,72600,1470623,89,3,4,39215,397615,77,1,11,51682,3919480,61,3,3,25152,1011412,38,0,10,29059,7227458,48 (52),3 (-4),3,35987,2949926,47,0,3,56764,6813702,41,2,5,56862,5991939,42,1,3,57324,7241567,75,1,1,34969,678555,71,1,2,33966,2204686,57,1,1,54936,7206783,43,0,3,65335,7236102,84 (88),3 (-4),2,41524,238563,55,0,4,57489,6096762,61,1,6,47007,851226,54 (58),3 (-4),2,56157,1971356,70,1,14,35396,573136,95,0,36,55964,1381097,71,1,2,37204,217501,51,0,8,44465,6178572,82,0,0,45637,2628566,45 (49),3 (-4),5,78782,8453144,54,1,0,83678,2897092
Ohad Mandel,59,0,6,3111856,3111857,50,0,14,3634170,5479611,42,2,15,4733955,7875133,69,1,11,3913606,4017557,36,0,7,4744696,8600493,84,2,1,1734834,148764,72 (76),2 (-4),3,1538033,2034372,78 (82),2 (-4),0,984391,511987,56,1,9,741231,2890215,73,0,4,756241,3531001,45,0,7,642515,2845634,52,1,9,440695,1776333,55,0,2,259046,698795,67,1,10,287263,4237626,43,2,6,438221,8616732,90,3,4,245598,344735,79,2,4,273149,3422417,40,2,11,347889,8281234,34 (38),2 (-4),4,428356,7650971,35,0,0,640230,8556004,42,1,6,900581,8806430,40,1,22,884682,6437818,37,1,16,1006643,9508475,62,1,1,962672,3740290,61 (65),3 (-4),6,1086484,4385790,66,1,8,1055077,3969678,59,1,20,823999,1484227,93,1,5,466855,74719,80,0,1,304909,826678,53,0,27,307170,2399169,57,3,2,305481,2168734,52,1,7,336483,4820354,102,0,7,306530,908067,71,0,6,217588,182941,77,0,0,139762,223234,98,2,5,96064,408659,65,1,21,92332,2994622,44 (48),2 (-4),6,124340,4406504
Yuval Shkolar,74,0,9,544391,544391,31,1,6,4597318,10145706,46,1,11,4733955,6302765,67,1,13,4183737,4695336,40,0,10,4503670,6922798,72 (76),3 (-4),3,2424713,551635,77,1,7,1811428,1763930,92,0,12,674116,97093,31,0,8,1301863,11140731,86,0,19,827196,626989,51,0,19,558200,1225686,44,2,9,531182,4044252,40,2,14,565685,4011941,61,1,17,730918,6187523,47,1,8,874517,6961409,78,3,11,735537,1531097,97,1,0,459536,513845,37,1,2,612385,9492296,28,2,5,849413,11561704,52,1,0,779163,2873814,41,2,15,1096382,9138224,54,1,8,785100,1338244,43,0,5,776894,6435897,66,2,10,684659,2492193,74,1,6,588287,1452177,69,1,6,538337,3046617,50,0,27,494429,3880630,79,1,8,380712,905766,62,0,3,389366,4167023,49,1,8,426379,3960849,71,2,3,302660,229583,59,0,9,282127,2298840,143,1,0,98395,4996,21,1,0,225091,11067550,55,0,22,233876,4551058,70,2,15,300215,5856437,81,1,6,212827,402776,58,1,2,199470,2069146
Yaniv Salomon,50,0,4,5781357,5781366,68,0,0,1982826,1068182,49,0,5,2114480,4967498,59,2,10,3097693,7544312,35,0,17,4126408,8972267,75,3,11,1992217,631011,78,0,8,1413126,1476458,70,0,19,1193639,2053797,48,0,5,1208359,5084106,77,2,8,1055155,2516679,58,2,5,564648,432549,39,1,5,647325,5888468,70,0,0,204810,107994,53,1,5,405261,8312220,47,1,10,513054,6961409,75,3,8,485999,2070570,64,1,8,784218,7541664,52,3,0,685473,3135372,50,1,10,522558,2373210,46,0,1,568570,4529199,54,2,13,600351,4516449,42,1,4,562763,5393205,49,1,6,470260,4113134,60,0,3,487748,4243807,73,2,6,430519,1726924,48,1,5,663461,10126125,45,1,5,688186,6553823,68,1,1,674765,2759802,54,0,10,802373,6386044,62,0,9,652316,654529,53,3,8,676606,2988424,64,0,13,574027,1256408,124,1,0,329027,192611,65,0,2,263339,506629,54,0,24,278934,4949151,83,2,18,277826,2565672,69,0,18,248988,1833326,61,2,8,220017,1572563
Omer Apel,51,0,5,5471399,5471408,56,0,3,4061232,3570435,32,2,9,6655244,10473917,72,0,3,5105631,2931949,40,1,19,5339705,7181102,69,0,23,3148067,1227843,73,0,7,2641195,2582789,73,0,15,2053488,1466337,52,2,3,1845474,4082334,85,2,6,1277118,837639,44,1,7,1152253,3463036,51,1,5,853426,1983767,64 (68),2 (-4),1,375586,153717,68 (72),2 (-4),9,396746,2760751,62,1,8,291001,1993094,77,5,10,267616,1745015,78,1,10,304842,3644326,42,1,11,359411,7302988,52,1,0,240178,1829811,50,1,5,241862,3453299,55,0,6,249863,3872082,27,1,22,379981,11967795,58,2,14,229975,1530724,64,1,2,219126,3059160,71 (75),2 (-4),3,206693,1287528,60,0,5,252786,5838880,35,0,6,353562,10972915,80 (84),4 (-4),0,266131,477975,54,1,9,339047,6605153,53 (57),2 (-4),18,340724,1582089,61,1,1,305833,1366788,51,0,12,344366,4903646,110,1,0,266146,540154,73,0,3,180015,124244,56,0,19,183888,4156291,54 (58),3 (-4),17,325339,8637654,66 (70),2 (-4),15,310957,1805523,58 (62),2 (-4),3,291015,1416421
Tal Avraham,77,0,18,340882,340882,60,1,17,308091,2639060,55,0,5,265798,2885611,68,1,12,401338,4352745,36,0,-3,891735,8600493,51,2,12,1317020,4870348,69,2,10,1325188,3889804,69,0,16,1159231,2298103,28,2,11,2126415,11746391,78,0,20,1796284,2057872,48,1,5,1468318,2073187,38,0,11,1590574,6057417,53,0,8,1084862,886570,64,2,16,1214512,5301662,39,2,10,1666908,9979426,67,2,4,1732119,4038917,83,3,5,1602428,2492059,56,0,13,1320594,1763129,44,1,0,1224419,4631076,64,0,3,854544,634791,43,2,18,1137258,8511754,35,0,20,1234251,8776682,55,2,15,955231,2205855,77,2,3,649691,487669,54,0,5,879209,8160498,92,2,20,473394,122106,63,0,17,304748,768836,78,2,13,241728,1054075,75,1,6,170789,1550112,51,0,28,187403,3001680,41 (45),3 (-4),2,289184,4692240,66,0,12,226202,950357,114,1,0,165238,409848,61,0,11,145465,834897,33,1,20,244098,11883893,82,1,5,248386,2760811,53,1,16,302533,7082110,49,1,2,332055,4114033
Yogev Balilti,54,0,8,4551053,4551060,54,1,4,3954130,4331919,35,1,9,6059108,9852930,80,0,8,3483560,1121832,48,0,15,2968293,3437485,74 (78),3 (-4),4,1439505,409383,83,1,4,813723,768839,74,1,11,590707,1376439,80,1,16,119432,82494,70,1,10,165421,4758664,45 (49),2 (-4),4,135530,1857234,45 (49),2 (-4),14,128913,2511445,50,0,5,95304,1262874,71,0,10,91415,2811227,38,2,0,202324,10269418,63,5,22,321457,5379190,72,1,15,439016,5359620,55,1,14,337605,2155310,41,1,4,330566,6061108,51,1,3,317731,3155976,48 (52),2 (-4),13,409434,5260127,30,1,23,539237,11198143,60,1,12,321862,1163511,75,0,3,212514,617251,84,1,10,127025,293125,44,1,5,269060,11072647,38,0,8,345010,9787640,73,2,2,312775,1812735,58,1,0,356431,5450685,53,0,13,356226,2399169,59 (63),3 (-4),7,335558,1084449,74,1,9,216729,296462,107,0,12,187117,646369,54 (58),2 (-4),0,192246,1295449,53,1,0,209349,5679749,79,1,6,226791,3481155,69,1,16,201835,1983450,26 (34),3 (-8),2,346888,8611120
Adi Ginzburg,66,0,15,1560765,1560764,42,1,4,3954130,8100479,54,1,3,2890952,3339053,68,1,4,2637152,4352745,38,1,11,3348020,8038011,52,1,9,3175586,4638942,63,1,8,3356123,5556379,95,0,5,1464062,57628,60,0,0,983111,1776354,72,0,7,1017831,3868576,58,1,9,535541,415596,50,3,20,400968,2293776,52,1,2,270382,1073087,68,1,3,287263,3908173,30,1,1,669188,11795798,79,3,12,550970,1374849,81,0,6,548945,2770155,53,2,13,456948,2767103,46,1,17,382501,3777196,47,1,24,414017,4426261,61,1,17,355343,2174267,35,1,36,411463,9089867,60,1,25,234430,1163511,65,2,1,216717,2787311,62 (66),2 (-4),4,272966,3961444,57,1,8,355773,7206783,47,0,10,352167,5195045,60,2,8,442644,4752635,58,1,17,497888,5450685,40,1,8,643639,7853044,64,0,8,536801,810859,62,1,5,472414,1769285,86 (90),2 (-4),0,546679,1844937,62,0,5,459574,738547,54,1,6,482619,5268809,85,1,17,461947,2110582,54,1,16,533191,6728610,67,1,4,433721,765939
Ben Yosef Ben Ami,37,0,10,8650853,8650867,69,1,1,4380142,1004320,62,0,12,2010678,1218279,64 (72),3 (-8),11,2439000,3189148,38,0,3,3122250,7792287,74,2,6,1508951,696358,86,0,6,743272,432127,83,0,0,341727,403844,38,0,7,583638,8898852,51,1,8,1316499,10490833,37,1,6,1461872,6878469,43,3,7,1407036,4451591,43,1,3,1257760,2939366,57 (61),2 (-4),8,1641128,6242840,48,1,8,1787494,6550554,84,4,10,1309027,775704,72,0,7,1516609,5202219,48,2,3,1469772,4624993,49,2,8,1236309,2724146,53,1,0,1108476,2607274,55,0,0,1122336,3872082,31,2,15,1321646,10919618,23,0,8,1881764,12468102,59,0,18,1856574,4626420,100,0,9,1016436,15519,59,2,13,1131841,6516488,46,0,20,1140232,5681550,72,3,10,1016133,2020135,47,0,13,1309040,8395409,49,2,8,1324371,4017578,61,1,2,1165242,1366788,51,1,22,1224017,5181414,109,0,28,899218,557793,49 (57),3 (-8),0,895095,1441900,58,0,5,878483,3431879,79,2,12,902732,3515277,105,1,0,511364,3665,52 (56),2 (-4),5,523367,2502740
Alon Shamir,47,0,7,6638992,6639003,53,0,0,5539422,4480945,53,2,5,4389105,3754383,62,1,12,4590963,6443959,35,0,15,5457370,8972267,73,2,10,2937240,801440,68,1,14,2803456,4108983,87,1,18,1474297,235273,36,1,7,2073514,9896735,63 (67),2 (-4),20,2506182,5930616,48,0,13,2104656,1906162,48,2,18,1780135,2782557,24,1,11,2374013,10613141,78,1,10,1908565,1357137,56,1,5,1750487,3566299,84,0,3,1268615,734775,79,3,10,1286671,3461376,48,1,18,1243374,4567779,43,0,6,1172807,4769153,55,3,3,1011363,2190859,47,0,8,1212756,6813702,47,2,8,1030482,3264671,46,0,8,957725,5065120,73,2,1,717987,963399,65,0,2,757264,4033279,49,2,6,1050317,9873395,36,0,4,1268886,10614860,82,2,0,943401,617683,49,0,2,1187347,7831430,55,0,16,1096062,1871223,67,3,2,880586,552482,42,1,4,1075348,8362159,101,0,8,885750,967215,42 (46),2 (-4),0,962951,3417779,65,0,7,865704,1495190,93,1,0,744442,833623,63,0,19,745813,3366415,67,2,2,618442,784942
Ofer Nikos Tsitiat,79,0,5,243514,243514,29,0,7,3840714,10280899,33,2,14,6365270,10307008,63 (67),2 (-4),3,6062741,4783990,42,1,19,5959693,6280985,59,0,10,4448092,3003762,85,0,7,2856812,513600,68,0,13,2505635,2544669,48,0,10,2485823,5084106,66,2,8,2745765,6295647,55,2,5,2000097,732035,42,1,7,1941196,4700472,40,1,6,1842589,3944737,64,1,5,1977074,5236859,68,0,18,1387166,955830,89,3,5,884596,397615,94,1,4,615655,756133,54,1,14,499395,2428247,49,3,0,384035,2751871,47,0,9,414017,4193489,52,1,15,466221,5204532,48,0,11,364033,2634804,39,0,22,403089,8322405,66,2,1,356711,2492193,77,2,1,278764,943381,51 (55),3 (-4),15,428957,7989908,45,0,10,446914,6188421,50,2,4,676555,7509573,46,1,6,935155,8889512,46,0,22,1011759,4887286,40 (48),4 (-8),0,1235085,4052776,52,0,23,1275660,4550288,100,1,0,1055112,1060094,59,0,14,916363,1051813,57,0,5,910733,3783510,97,2,6,745348,478237,53,1,16,849490,7082110,66,1,2,717850,870748
Guy Tash,72,0,7,728920,728920,60,0,3,526327,2518526,32,1,26,2560772,10437472,64,1,6,2848087,5743812,47,1,18,2558508,4067237,51 (55),2 (-4),11,2705762,4034245,67,1,5,2669894,4395605,87,0,6,1373300,219710,53,0,8,1171662,3548978,79,2,8,958370,1984385,34,0,4,1188803,8130985,34 (38),3 (-4),8,1484832,6430294,44,1,6,1291038,2648082,58,1,8,1636463,7050935,45 (49),2 (-4),11,1900477,6216581,72,3,5,1775304,2722194,87,3,0,1522624,1715411,32 (36),2 (-4),14,1965754,9920728,32,1,9,2252172,10315509,49,1,3,2169978,3765870,60,1,13,2011628,2453466,35,1,7,2131048,9089867,54,0,11,1792649,2241044,51 (55),3 (-4),2,2011853,6626587,82 (86),2 (-4),5,1553872,218472,58,0,6,1697668,6576667,43,1,5,1785918,7612070,76,2,2,1486834,1329512,79,1,26,1137225,1003555,58,1,19,1001473,1332643,57 (61),2 (-4),0,944700,1387566,46,0,6,1079571,6690724,99,0,22,914546,1092029,58,0,0,807437,1185939,72,1,7,655111,587381,79,2,8,680560,3515277,53 (57),2 (-4),0,780273,5697616,58,1,1,729699,2069146
Yonatan Cohen,79,0,5,243514,243514,50,0,4,728071,5479611,53,2,7,708964,3754383,74,1,9,558841,2509586,49,0,17,507681,3063933,52,2,6,856411,4674411,69,1,11,888895,3824835,70 (74),2 (-4),14,771805,1414834,30,0,3,1485664,11338898,61,2,8,2002589,8007548,41,1,2,1969419,4812566,29,0,2,2518523,9714139,47,1,2,2059168,1908630,69,1,6,1984000,3588863,42,0,3,2369933,8675468,77,5,4,2018707,1745015,67,1,4,2409044,6781098,40 (44),2 (-4),11,2620413,6427107,43 (51),3 (-8),0,2536713,2143374,49,0,3,2437723,3553459,50,2,16,2602544,6012144,49,0,9,2258178,2328543,37,0,13,2462790,9210373,57,3,1,2480698,5791205,71,1,4,2276430,2204686,82,0,12,1746957,564341,48,1,7,1705690,5058606,81,2,2,1312704,711916,48,1,6,1613753,8337545,55,0,16,1486383,1871223,63,2,0,1271330,1060399,58,0,10,1208128,2553534,94,0,10,1082341,1459614,54,0,5,999098,1751042,72,2,0,823931,601340,75,1,8,891231,4511533,65,0,15,870970,2794128,65,2,0,746723,1007640
Tom Harel,55,0,6,4223898,4223904,67,0,0,1423927,1207900,47,1,3,1884806,5910309,66,2,13,2076968,5132356,52,0,24,1479164,2085575,72,2,11,777398,917268,51,1,6,1633902,8723592,64,1,16,1665822,3831321,53,0,10,1431401,3548978,69,0,20,1566111,4930214,46,0,7,1338265,2501797,29,3,9,1852178,10042903,42,0,0,1676907,3059099,61,1,2,1930780,6187523,48,1,4,2077913,6550554,81,4,10,1636005,1112529,79,2,16,1632974,3422417,72,0,9,948440,155993,30,1,17,1198519,10999481,62,1,7,876565,916414,59,2,15,814374,2810029,38,0,7,837244,7180501,59,0,14,552973,1197339,67,2,7,474629,2214540,56,1,10,643574,7741223,57,2,8,774477,7250051,48,0,14,749394,4731004,77,2,1,606883,1186773,43,1,6,899992,9669911,59,0,16,776246,1055690,68 (72),3 (-4),2,605582,187367,52,0,27,644038,4550288,92,0,26,639958,1619910,34,2,0,804266,6917196,54,0,6,831902,4949151,74,0,11,909000,4599377,78,2,0,755770,646358,52,1,2,763551,3361082
Nitsan Aronovice,64,0,14,1939861,1939861,55,1,6,1902632,4022520,47,1,2,2304325,5910309,77,1,23,1338020,1783348,31,1,17,2687021,10361394,62,0,16,1976999,2348264,81,0,9,1258366,972884,63,1,15,1366177,4145935,57,1,5,1019518,2626707,71,2,9,1095865,4472385,41,0,6,1081163,4518598,37,1,3,1244149,6714142,31,1,7,1525747,7803266,56,1,3,1971111,7581183,39,1,4,2491631,9938256,86,5,0,1805422,616214,99,1,2,1206946,389584,44,1,23,1269746,6363045,45,1,4,1149865,4193413,36,0,1,1456055,8191849,47,2,3,1698207,7127067,40,1,5,1666054,6437818,55,1,14,1337422,2176323,65,0,14,1195086,2568326,67,0,13,1182017,3297839,62,0,7,1230947,5108974,42,1,23,1330764,8149010,74,2,18,1140663,1642194,65,2,-1,1090435,3615568,51,0,6,1077015,3001680,54,1,2,1060063,2725912,54,1,4,1070697,4107390,80,2,4,1162361,2947936,60,0,11,995546,937427,63,1,9,919757,2132335,90,1,0,823063,1226243,55 (59),2 (-4),9,912413,4993485,62,1,2,812993,1388624
Sharon Erez,42,0,4,7826116,7826128,70,1,7,3126374,885382,56,1,3,2037157,2717662,56 (60),2 (-4),7,3422645,7215109,53,1,0,2405002,1965772,45,0,10,3016020,5804336,85,0,8,1787359,513600,67,1,12,1655267,2944524,56,1,17,1301863,2890215,63,1,8,1705004,7292069,50,1,6,1308586,1558966,49,1,2,1043141,2457927,35,1,12,1185623,5998016,68,1,13,1188918,3908173,47,1,10,1359790,6961409,67,5,13,1454049,4116620,98,1,17,965149,448243,47,0,21,950790,4728297,34,2,7,1103914,9561854,34,1,9,1462468,9191150,42,1,15,1850663,8806430,36,0,28,1932980,8254680,30 (34),3 (-4),19,2362493,10693857,67,0,11,2064597,2025332,71,0,9,1889913,2035585,97,0,9,1085950,40077,44,2,15,1140232,7156638,81,2,14,858992,711916,80,0,2,605643,826678,43,1,12,721785,6492999,60,1,0,651731,1542404,52,1,11,692758,4820354,102,0,21,581741,908067,31,2,2,772625,7942082,52,1,7,822139,6097734,65,1,10,1001857,7082811,49,1,12,1173563,8416186,67 (71),2 (-4),0,995555,453390
avner sabah,76,0,12,400600,400600,45 (49),2 (-4),8,1673813,6091014,46,0,15,2168756,6128430,81,0,23,963280,969970,33,0,6,1963157,9641760,71 (75),3 (-4),0,1076401,631011,87,1,21,478475,390241,52,1,11,937593,7549023,68,1,20,414147,662916,65,1,18,618464,6590155,38,1,3,693989,6342132,48 (52),2 (-4),4,565049,1817305,53 (57),2 (-4),6,367477,604329,58,1,3,551912,7050935,47 (51),2 (-4),20,679526,5416514,86,5,12,451319,616214,85,1,5,400700,2010356,44 (48),2 (-4),26,438993,4624993,27 (31),2 (-4),13,647365,10723731,37,0,12,868788,7822078,57,2,18,844324,3456179,33,1,8,972960,10041648,34,1,20,1173573,10620374,77,0,8,812311,430839,89,0,15,484556,118259,70,0,0,432015,2592432,44,2,13,463347,7156638,51 (59),3 (-8),8,681695,5043032,49 (53),2 (-4),6,891171,6930871,47 (51),2 (-4),10,953454,3278905,54,1,0,945349,2725912,75,0,2,673414,222646,69 (77),4 (-8),15,928767,3434161,68 (72),2 (-4),0,716516,176035,52 (56),2 (-4),8,764311,4509395,80 (84),2 (-4),6,779257,2348441,50,1,15,918907,8097076,44,1,2,1011475,5477009
David Peres,60,0,6,2856514,2856515,63,0,6,1303815,1875042,45,2,14,2037157,6775454,81,0,8,901815,969970,41,0,11,1252838,6471775,59,2,5,1211627,3151813,68 (72),3 (-4),7,1286601,3094313,57,1,21,1674620,6082326,45,1,28,1825944,6325728,76,0,6,1625818,2598972,35,0,5,1860591,7614118,50,1,7,1476620,2211550,38,1,3,1494914,4717487,78,2,6,1163918,1394403,49,0,23,1265348,5895048,83,4,11,935850,877003,76,1,8,1031836,4200081,48,0,15,994294,4308221,38 (46),4 (-8),0,1058378,3883494,56,0,8,882124,1776880,52,1,17,961703,5204532,38,1,22,986751,7517995,45 (49),3 (-4),23,943391,4200639,70 (74),2 (-4),6,757291,821006,78,0,10,591119,707827,61,1,14,653362,5728400,53,1,11,563255,3047749,67,1,1,572304,2980710,46,1,4,808628,8889512,55,0,11,752612,1871223,35,1,0,1034163,7066558,55,1,19,1029912,3760084,87,3,9,1029671,2141183,65,0,0,828111,506629,56,0,16,834804,4156291,62 (66),2 (-4),12,1052190,6857872,63,1,21,1053095,3595194,52 (60),3 (-8),0,1055107,1765094
Dor Hazan,52,0,10,5174823,5174831,57,1,7,3734431,3433596,60,0,8,1884806,1599062,73,1,3,1397807,2784551,28,1,4,3095966,10962490,60,1,1,2393002,2892679,61,1,4,2789511,6134491,47,1,11,3717260,8756485,45,0,11,3856300,6097603,85,1,0,2963490,804388,40,0,32,2953755,4999072,47,2,7,2603113,3070864,52,1,6,1918464,1073087,57,1,7,2346398,7321235,39,1,12,2885851,9938256,62,4,10,3066038,5688790,57,2,10,3835139,9018986,50,1,14,3642398,3763838,49,1,15,3315827,2683892,63,0,16,2670752,733217,62,2,11,2422689,1965842,34,1,12,2585315,9580492,71,0,13,1693244,182009,77,1,13,1218515,475200,52,0,8,1564321,8790973,74,2,3,1322865,1841171,68,1,12,885820,404051,62,1,0,956849,4192237,48,1,3,1224657,8337545,40,1,9,1418158,7853044,31,1,0,1828482,8123677,48,0,6,1945188,5978726,60,2,5,2325468,7574161,67,0,7,1875095,383348,83,1,10,1444901,81855,78,1,5,1467152,3733553,68,1,6,1395217,2212422,60,1,0,1280975,1707101
Ronen Pari,55,0,6,4223898,4223904,54,1,8,3734431,4331919,52,1,18,3046843,4021860,70,0,13,2489563,3536852,63,0,0,1003046,312546,72,1,7,528232,892742,62,2,5,804529,5903809,53,1,13,1329153,7274329,32,0,20,2107682,10910684,62 (66),3 (-4),14,2602999,6346188,41,0,13,2544028,4518598,37,1,2,2710817,6714142,43,1,6,2406240,2939366,52,1,4,3076724,8540588,40 (44),2 (-4),14,3585593,8235318,55,3,4,4012106,8059783,60,2,9,4598456,8447455,47,1,12,4512553,4996713,39,2,2,4583243,7143188,67,1,5,3716204,441499,60,0,9,3482307,2294050,29,1,20,3843417,11495374,38,1,21,4050345,9082977,59,0,19,3933363,4626420,73,0,7,3568436,1540096,49,2,6,3988866,9873395,38,0,19,4266482,9787640,85,2,10,3415501,387836,81,1,5,2781694,790166,49,0,12,2724265,3697787,66,2,1,2272422,646442,73,2,4,1846635,361230,112,0,37,1311510,453458,59,1,4,1136658,1148260,47,1,16,1261937,8178254,61 (65),2 (-4),18,1528243,7099772,66,1,0,1482366,2720284,57 (65),3 (-8),17,1403477,1028492
Mika Cohen,44,0,21,7400945,7400956,53,1,5,6225277,4666867,71,1,3,2037157,307767,52,0,8,3882893,9331979,41,1,-2,4143017,6735285,51,2,7,3839720,4870348,63,1,13,3929930,5556379,51,0,12,4464237,7652099,39,0,14,4970453,8476092,58,1,0,5503742,8862358,41,0,4,5389274,4518598,45,3,5,5084425,3747418,51,1,7,4216055,1206554,77,1,8,3600278,1540834,67,0,4,2841567,1075775,58,5,4,3194940,7085239,78,0,2,3117286,3518030,51,1,20,2906945,3395265,45,2,7,2744747,4252599,52,0,15,2529456,2699428,69,0,12,2058536,577462,33,0,22,2242790,9765441,32,4,7,2628413,11273289,43,1,1,3115729,10859999,58 (62),2 (-4),14,3302131,5526225,57,0,8,3457503,6944124,34,2,18,3870066,11542163,85,0,3,3051206,348673,59,0,3,3062364,4969055,43,3,20,3162234,6571129,60,1,2,2797249,1542404,67,0,10,2457532,821763,132,0,0,1434869,70583,69,0,13,1108420,277662,63,0,8,1025220,1944362,81,1,17,1022421,2997508,54,2,18,1133617,6765091,30,2,2,1413357,9867099
Dudi Cohen,58,0,14,3379511,3379513,44,1,4,5228390,7546024,56 (60),2 (-4),9,3603651,1744002,62,1,7,3952792,6443959,52,1,2,2926558,2254862,56 (60),2 (-4),8,2579534,2934276,73,0,23,2169116,2582789,55,0,13,2641476,6529049,46,2,42,2745529,6026283,49,0,15,3933365,10708464,49,2,7,3415795,1857234,43,0,6,3240042,4124725,37,2,5,3191544,5206134,44,1,6,4241587,10074512,65,0,6,3539306,1353228,63,3,3,3622395,5325693,100,3,0,2669886,359502,60,1,1,2161386,1121987,31,0,7,2492905,10431478,39,1,6,2748720,7355225,51,2,6,2876969,5635757,24,0,8,3403396,12330774,33,0,20,3788441,10710574,62,3,6,3579964,3834553,65,1,8,3507685,4278094,81,0,3,2878237,657147,44,0,6,2951370,6708526,57,1,7,3051206,5528431,59 (63),3 (-4),14,3068013,4148619,64 (68),2 (-4),14,2598777,243100,57 (61),2 (-4),0,2370944,1387566,32 (40),3 (-8),11,2862613,9042072,102 (106),2 (-4),0,2293061,723260,60,0,28,1968997,937427,55 (59),2 (-4),3,1982764,3391075,91,1,2,1774651,1085564,84,1,7,1457994,249842,49,1,3,1486793,4114033
Adam Rosenthal,61,0,2,2607687,2607688,42,1,0,5021683,8100479,53 (57),2 (-4),3,3941039,2494637,81,1,5,1904852,1043748,45,1,5,1931937,4924765,63,0,-1,1439505,2175697,44,2,3,2951928,10157432,54,0,9,3420991,6823726,70,1,10,2126415,487404,73,1,2,2043276,3699846,56,2,4,1362432,616207,23,1,8,2139575,11608632,40,0,1,2016333,3724883,64,0,1,2140554,5032111,59,0,4,1845488,2553701,71,0,3,1760184,2839896,111,2,0,887904,55930,43,1,12,967916,6833615,31,0,3,1194185,10431478,57,3,9,980497,1762234,63,0,14,828284,1551487,22,0,6,1207096,12512614,50,0,12,1038501,3471480,61,4,5,1015095,4225561,54,0,4,1293269,8160498,83,0,8,908654,481947,70,0,3,540962,256740,59,2,0,656405,5018526,64,0,0,640686,3658307,42,1,16,772764,6948930,42,0,0,947821,5155868,51,0,5,1005526,4903646,91,0,6,955604,1704182,42,0,0,1029775,4206932,63,0,11,951425,1944362,61,0,9,1192972,7808272,48,0,6,1391693,8461588,42,0,0,1517862,5820862
Kfir Emmer,62,0,9,2372235,2372236,58,1,2,1755577,3159119,56,0,2,1142760,2587151,70,2,9,1114010,3772924,48,0,5,1013236,3437485,50,2,4,1496076,5058405,63,1,7,1800477,5556379,52,1,7,2468276,7549023,54,0,11,2115572,3264898,65,0,8,2428714,6385261,71,2,0,1087121,30278,41,0,8,1104295,4862687,41,0,9,1054750,3381799,67,2,14,1092567,4305634,46,0,19,1289198,7108253,62,5,9,1540418,5715537,72,1,6,1755044,5359620,61 (65),2 (-4),21,1323176,549766,45,1,16,1201118,4193413,61,1,3,899667,1045642,53,0,18,955997,4586743,35,2,6,1049871,9177819,46,1,25,979404,5376794,33,1,2,1628347,12398905,60,0,4,1776552,5985432,66,0,7,1710050,3753196,42,2,4,1827648,8225233,70,0,7,1658414,2226871,72,2,12,1429928,2088982,43,1,10,1563473,6492999,50,0,16,1581772,3429899,32,0,3,2029180,10955302,58,2,11,2445298,8144984,64,1,0,2031624,633706,53,0,5,2078539,5352115,96,2,17,1782738,557664,63,1,0,1775391,3595194,54,1,5,1721381,2897092
Rani Eylat,50,0,18,5781357,5781366,46,1,12,6409688,6949813,51,0,11,5383060,4229326,79,0,5,3085578,1290624,49,2,8,2558508,3363593,52,1,9,2614000,4638942,75,1,4,2082721,2210408,56,1,13,2513677,6393978,42,1,21,2841055,7475951,49 (65),5 (-16),11,4064474,6732259,32,0,10,4475847,9117605,53,1,4,3735891,1584099,42,1,12,3399122,3252911,67,1,5,3328517,4237626,38,1,18,3922945,10233296,41,5,11,4933862,11448223,87,0,11,4364706,1594823,53,1,11,4045062,2725862,47 (51),2 (-4),6,3797161,2120521,40,0,4,3984499,6701013,51,2,21,4072022,5635757,31,1,12,4363522,10857162,33,0,8,4757767,10710574,72,2,0,4158707,1125281,62,0,7,4160302,5199384,42 (46),2 (-4),8,4792944,10652631,48,1,6,4739686,5058606,55,0,4,4787579,5873131,64,2,6,4569842,3866263,60,0,14,4124255,908062,41,0,0,4156318,5385830,73,2,4,3595394,361230,106,0,8,2828288,693944,70 (82),5 (-12),0,2258238,18056,58,0,5,2212154,3431879,74,1,9,2273234,4778508,74,2,11,2071125,1112728,58 (62),2 (-4),6,1939543,1416421
Oran Turgeman,59,0,13,3111856,3111857,44,1,6,5021683,7546024,36,1,9,6655244,9618239,62,0,20,6369550,6276024,48,1,26,5573949,3662941,22,1,11,7385578,11229702,57 (65),3 (-8),6,7319204,5076771,55,1,9,7093330,6696661,64 (68),2 (-4),31,6096122,679399,70 (74),2 (-4),7,5859771,3437998,25,1,3,6579866,11631937,45,1,2,6266104,3635691,25,1,16,6713862,10274710,70,1,2,6213728,3279359,62,1,24,5649439,1993094,54,1,17,5933964,8358839,107,1,24,4519134,111021,59,3,0,3966300,1333022,38,0,4,4069766,7227458,34,2,6,4479708,9225814,56,1,11,4361098,3739456,30,1,17,4690663,11198143,62,1,3,4017394,884836,38,1,14,4662525,11861836,59,1,16,4744008,6641974,65,2,7,4594274,4351739,53,1,20,4375146,3047749,54,1,3,4478917,6362096,86,1,0,3622655,404823,46,1,19,3612807,5185438,48 (52),2 (-4),2,3508321,3170664,56,1,5,3397890,3411790,96,1,15,2873823,1342987,90,0,16,1933076,1584,49,1,16,2050738,7353102,76,1,8,2082884,4248312,56,0,13,2186071,5731225,35,0,0,2421090,7973286
Elad Kainer,35,0,10,8879360,8879375,64,1,2,5839522,1780285,25,1,2,8311253,11119235,50,1,1,8761617,9896587,26,1,7,9439190,11244974,68,1,2,7625350,1466307,68,0,6,6762520,3963554,73,2,12,5532473,1590062,36,1,7,6203721,9896735,75,1,24,5681932,3046176,57,0,8,4680294,449046,31,2,15,5145551,9259858,48,0,7,4428210,1589936,63,2,10,4479865,5623447,40,1,11,4953259,9621450,58,1,6,5134011,7010165,79,3,19,4872003,3461376,41,0,4,5011483,7474955,56,0,13,4415153,915331,66,4,4,3600248,544063,78,0,3,2730492,86725,35,0,12,2859052,8776682,41,0,4,2940580,7385186,60,0,7,2833328,4243807,58,2,5,3027733,7066704,48,2,4,3487985,10150316,51,0,1,3334879,3496423,64,0,14,3196062,3532079,66,4,13,3007056,3407504,58,1,13,2699377,1332643,45,0,0,2744905,4491115,64,1,19,2478771,1375668,69,1,2,2632998,5056394,41,0,0,2631822,4476707,44,0,9,2850476,8987460,75,0,33,2865467,4334576,61,0,12,2868645,4011106,44,0,3,2931024,5252913
Michael Pelegrino,47,0,9,6638992,6639003,55,1,13,5228390,4022520,45 (57),4 (-12),5,5500457,2566584,73,0,11,3969221,2649081,40,0,10,4315821,6922798,31,2,11,5724636,9239318,54,0,11,6145982,7834796,45,1,12,6689083,9176768,43 (47),3 (-4),7,6911369,5717377,69,0,5,6652963,4930214,44,1,14,6372294,3463036,48,2,5,5904247,2782557,46,1,4,5293202,2134187,62,0,10,5300273,5678804,35,2,5,5962256,11005786,61,0,20,5931801,5771214,98,5,7,4881321,490082,69 (77),3 (-8),0,3931616,73156,42 (46),2 (-4),10,3880148,3831973,55 (59),2 (-4),4,3497987,1376055,39 (47),3 (-8),23,4041132,7155576,38,0,21,4075117,7180501,42,2,14,4135962,7315516,70,0,16,3623601,1358007,73,0,5,3277793,1540096,64,2,5,3207998,4694644,40 (44),2 (-4),10,3416651,7156638,54,1,2,3580032,6362096,78,1,12,3017487,1125608,39,0,10,3224593,7933278,61,0,11,2828190,1269189,56,0,3,2744268,3179668,83,2,8,2578570,2559328,17,0,0,3062083,11752533,49,0,10,3181635,7010401,107,4,0,2577461,83616,53,0,14,2731636,6794302,32,2,0,3011210,9245475
Idan Shwartz,72,0,0,728920,728920,46,0,7,1982826,6780851,36,2,23,4217967,9674353,81,0,14,2050274,969970,43,0,21,2244891,5562398,55,2,14,2180029,4034245,68,0,10,2135061,3963554,55,0,4,2617173,6529049,52,2,10,2379177,4082334,68,2,10,2540127,5564803,37,1,13,2700125,6878469,44,1,2,2509656,3974765,40,0,7,2353952,3724883,43,1,2,3450394,10233853,44,1,9,3761885,8172528,44,5,4,4664444,10967089,119,1,8,2850525,9564,75,1,20,1823941,99877,38,1,9,1903705,7572950,47,0,23,1898624,4193489,46,0,15,2186756,7176784,52,2,9,1779619,1767319,40,0,19,1870417,7859411,65,2,3,1680790,2787311,53,0,10,2027047,8483585,74,0,3,1734786,1674535,31,0,4,2154712,12011207,58,1,8,2267646,5255683,62,3,15,2237191,4409508,30,0,12,2694400,11232108,49,2,2,2646479,3806865,60,0,10,2475813,2060526,80,2,0,2404779,2947936,30 (34),2 (-4),0,2633106,6917196,52,0,13,2694497,5761810,64,2,24,2925204,7334769,58,0,17,2982689,5028318,32,0,0,3255116,8939139
Tomer Goldthorpe,64,0,2,1939861,1939861,29,1,12,6930294,10330977,54,0,6,5383060,3195771,75,1,4,3615810,2251481,33 (41),3 (-8),3,4914265,6884298,44,1,2,4998084,6103617,51,0,5,5772470,8557439,73,0,5,4652217,1466337,64,2,10,3628553,1189140,57,1,5,4331784,9138077,53,1,24,3572959,983274,60,0,3,2509656,606421,43,2,13,2233085,2994810,60,0,5,2527498,6292380,47,2,15,2720900,7032579,64 (68),6 (-4),0,2832223,3876382,91,1,0,2308289,1079451,56,1,17,1963692,1905574,63,1,11,1289472,319192,53,1,17,1156405,2607274,51,0,17,1268688,5326521,41,0,7,1217554,5573820,43,3,13,1218685,6879613,44,1,16,1609274,10593428,64,0,4,1651216,4417628,46,2,0,2127491,10652631,40 (44),2 (-4),4,2314525,7156638,57,1,2,2447313,5528431,58,1,5,2513097,5450685,32,0,7,2918947,10646025,64,0,2,2485953,810859,51,0,10,2527854,4903646,77,3,8,2513527,3424080,31,1,0,2716554,7930470,40,0,7,3016690,10261337,68,0,19,3159025,6152810,43,2,0,3501230,10074453,40,0,0,3605578,6410723
Alon Meir,55,0,9,4223898,4223904,51,1,0,4380142,5326082,59,1,2,2444832,1920624,66,0,21,2489563,4876480,46,0,22,2342217,4245335,60,2,12,1911459,2934276,63,0,12,2196598,5394519,68,2,4,1961695,2736260,31,1,10,2899423,11275031,49,1,13,4095558,10832862,42,0,7,3947346,4058517,40,2,1,3934461,5562730,35,1,7,3952370,5998016,44,1,15,4956241,10074512,30,0,9,5858801,11688572,60,5,15,5890905,6401219,84,1,1,5372922,2207934,50 (54),2 (-4),2,5169069,2465745,37,1,16,5313904,8073697,45,0,6,5256036,4872555,59,2,13,5001819,2810029,38,1,24,5047404,7517995,38,1,27,5261087,9082977,60,0,16,5084351,4243807,66,1,9,4909036,3894223,47,0,10,5339908,10184879,36,1,7,5670779,10888719,78,1,4,4967774,1027551,84,1,7,4147808,535329,42,1,4,4233280,6948930,48,1,6,4074045,4001474,57,0,5,3915354,2878886,68,0,1,3966871,5102735,37,0,10,3968390,5651480,85,4,0,3320327,58599,82,1,5,3176278,2760811,45,1,14,3479148,9568974,38,0,0,3621680,7021992
Roe Ikeda,51,0,11,5471399,5471408,38,0,12,7467022,8927235,31 (35),3 (-4),4,8623136,9947885,60,0,22,8361947,6964849,39,0,10,8380471,7363615,58 (62),3 (-4),4,6926996,2527489,54,0,15,7113001,7834796,70,2,14,6031321,2227894,44,0,38,6203721,6462443,42 (46),3 (-4),8,7397989,11268270,57,1,0,6475430,497837,66,1,7,5046844,280959,45,1,5,4497467,2379872,58,1,6,4777395,7050935,47,1,7,4913338,6961409,74,4,6,4412436,2299134,71,1,18,4524345,5651770,39 (43),3 (-4),13,4754187,6957152,47,0,18,4507898,3124540,50,1,1,4290862,3453299,55,0,4,4216119,3872082,46,0,16,3956300,3332087,42,0,14,4013241,6907487,53,2,1,4119553,7418047,65,1,7,4021109,4278094,63,1,16,3959572,4999539,51 (55),3 (-4),14,3808117,2490608,52,1,3,4011206,6924505,73 (77),2 (-4),6,3564667,1279194,40,0,4,3726415,7493806,29,2,7,4106145,8667239,38,1,12,4425208,9621256,100,0,21,3697424,1028275,31 (35),2 (-4),0,3845448,6583556,45 (49),2 (-4),23,4042556,7389471,83 (87),2 (-4),0,3838908,1755644,70,1,4,3639158,1773703,41 (45),2 (-4),7,3718815,5221435
Or Portal,56,0,6,3932974,3932979,62,1,3,2056707,2183234,46,1,5,2590197,6302765,60,1,5,3384082,7128392,35,0,18,4383296,8972267,54 (58),3 (-4),2,3771743,3406126,65,1,5,3724931,4977295,62,0,5,3604576,4308006,53,0,6,3255307,3548978,74,3,5,3043156,3490130,35,0,4,3299045,7614118,32,0,0,3716318,8543211,38,1,6,3586469,4717487,61 (65),2 (-4),1,3800435,4972119,54,1,10,3632514,4232889,73,4,0,3283349,2516942,77,2,16,3245284,3964474,59,1,17,2731138,1287964,24,1,10,3361498,12195625,50,1,7,3190377,3453299,57,1,11,3089473,3395272,39,0,13,3078220,6637718,46,1,20,2984501,5376794,67,1,6,2639453,2177296,56,0,10,2899970,7479775,60,2,7,2973724,6147893,49,0,10,2887927,4292797,50,0,2,3199261,7259379,75,0,0,2750084,1451956,49,0,1,2694400,3697787,17,0,0,3446011,11393253,71,0,8,2970559,437591,57,0,11,3348640,8161751,12,0,0,3922888,12504522,62,0,3,3755604,2200639,71,0,2,3808395,5380781,48,0,1,4040379,8461588,30,0,0,4304272,9570207
Ohad Gold,58,0,6,3379511,3379513,54,1,3,3126374,4331919,36 (40),2 (-4),4,5303002,8554323,76,0,13,3384082,1896301,48,1,7,2901024,3662941,33,1,4,4448092,8640410,42,1,7,5990909,10469596,59,0,12,5708575,5276373,41,0,27,6070866,7627870,69,2,17,5893727,5198386,47,1,4,5452841,2374243,34,0,7,5723917,7716184,36,2,3,5642510,5634270,79,0,1,4807258,1098348,48,0,7,4893865,6298196,65,5,4,4791586,4728550,83,1,7,4393442,2417468,62,1,0,3718112,844484,34,1,13,3982094,9494510,48,0,10,3857575,3867991,83,2,8,2797266,32745,22,1,15,3397706,12557701,41,1,21,3489405,7717140,37,1,10,4184776,12001435,61,0,1,4219370,5594309,52,0,11,4516822,8685124,48,0,12,4463427,4731004,54,3,2,4563973,6411750,64,0,7,4353346,3658307,53,2,10,4117457,2634575,49 (53),2 (-4),0,3943245,2961027,53,1,2,3891353,4465665,36,0,4,4687662,12189131,39,0,0,4607879,5046309,59,0,6,4488926,3095859,38,0,15,5179034,11617881,55,0,0,5224920,6087106,51,0,0,5037877,3437958